order,trial,trial_path,session,subject,interval_ms_est,interval_bucket_ms,ms_total,adv_count
1,trial_066_on.csv,data\1202配線変更後\Mode_C_2_03\TX\trial_066_on.csv,01,subject01,99.16,100,29747,300
2,trial_067_on.csv,data\1202配線変更後\Mode_C_2_03\TX\trial_067_on.csv,02,subject02,99.02,100,29706,300
3,trial_068_on.csv,data\1202配線変更後\Mode_C_2_03\TX\trial_068_on.csv,03,subject03,99.19,100,29756,300
4,trial_069_on.csv,data\1202配線変更後\Mode_C_2_03\TX\trial_069_on.csv,04,subject04,99.05,100,29714,300
5,trial_070_on.csv,data\1202配線変更後\Mode_C_2_03\TX\trial_070_on.csv,05,subject05,99.23,100,29769,300
6,trial_071_on.csv,data\1202配線変更後\Mode_C_2_03\TX\trial_071_on.csv,06,subject06,99.08,100,29724,300
7,trial_072_on.csv,data\1202配線変更後\Mode_C_2_03\TX\trial_072_on.csv,07,subject07,99.26,100,29777,300
8,trial_073_on.csv,data\1202配線変更後\Mode_C_2_03\TX\trial_073_on.csv,08,subject08,99.09,100,29726,300
9,trial_074_on.csv,data\1202配線変更後\Mode_C_2_03\TX\trial_074_on.csv,09,subject09,99.28,100,29783,300
10,trial_075_on.csv,data\1202配線変更後\Mode_C_2_03\TX\trial_075_on.csv,10,subject10,377.78,500,113334,300
11,trial_076_on.csv,data\1202配線変更後\Mode_C_2_03\TX\trial_076_on.csv,01,subject01,495.29,500,148587,300
12,trial_077_on.csv,data\1202配線変更後\Mode_C_2_03\TX\trial_077_on.csv,02,subject02,495.12,500,148537,300
13,trial_078_on.csv,data\1202配線変更後\Mode_C_2_03\TX\trial_078_on.csv,03,subject03,496.62,500,148987,300
14,trial_079_on.csv,data\1202配線変更後\Mode_C_2_03\TX\trial_079_on.csv,04,subject04,496.46,500,148939,300
15,trial_080_on.csv,data\1202配線変更後\Mode_C_2_03\TX\trial_080_on.csv,05,subject05,496.28,500,148885,300
16,trial_081_on.csv,data\1202配線変更後\Mode_C_2_03\TX\trial_081_on.csv,06,subject06,496.12,500,148837,300
17,trial_082_on.csv,data\1202配線変更後\Mode_C_2_03\TX\trial_082_on.csv,07,subject07,495.95,500,148786,300
18,trial_083_on.csv,data\1202配線変更後\Mode_C_2_03\TX\trial_083_on.csv,08,subject08,495.78,500,148735,300
19,trial_084_on.csv,data\1202配線変更後\Mode_C_2_03\TX\trial_084_on.csv,09,subject09,495.59,500,148676,300
20,trial_085_on.csv,data\1202配線変更後\Mode_C_2_03\TX\trial_085_on.csv,10,subject10,923.75,1000,277126,300
21,trial_086_on.csv,data\1202配線変更後\Mode_C_2_03\TX\trial_086_on.csv,01,subject01,990.27,1000,297082,300
22,trial_087_on.csv,data\1202配線変更後\Mode_C_2_03\TX\trial_087_on.csv,02,subject02,990.09,1000,297026,300
23,trial_088_on.csv,data\1202配線変更後\Mode_C_2_03\TX\trial_088_on.csv,03,subject03,993.24,1000,297971,300
24,trial_089_on.csv,data\1202配線変更後\Mode_C_2_03\TX\trial_089_on.csv,04,subject04,993.02,1000,297907,300
25,trial_090_on.csv,data\1202配線変更後\Mode_C_2_03\TX\trial_090_on.csv,05,subject05,992.86,1000,297857,300
26,trial_091_on.csv,data\1202配線変更後\Mode_C_2_03\TX\trial_091_on.csv,06,subject06,992.66,1000,297799,300
27,trial_092_on.csv,data\1202配線変更後\Mode_C_2_03\TX\trial_092_on.csv,07,subject07,992.48,1000,297744,300
28,trial_093_on.csv,data\1202配線変更後\Mode_C_2_03\TX\trial_093_on.csv,08,subject08,992.29,1000,297687,300
29,trial_094_on.csv,data\1202配線変更後\Mode_C_2_03\TX\trial_094_on.csv,09,subject09,992.09,1000,297628,300
30,trial_095_on.csv,data\1202配線変更後\Mode_C_2_03\TX\trial_095_on.csv,10,subject10,1941.94,2000,582583,300
31,trial_096_on.csv,data\1202配線変更後\Mode_C_2_03\TX\trial_096_on.csv,01,subject01,1981.74,2000,594521,300
32,trial_097_on.csv,data\1202配線変更後\Mode_C_2_03\TX\trial_097_on.csv,02,subject02,1981.53,2000,594458,300
33,trial_098_on.csv,data\1202配線変更後\Mode_C_2_03\TX\trial_098_on.csv,03,subject03,1981.33,2000,594398,300
34,trial_099_on.csv,data\1202配線変更後\Mode_C_2_03\TX\trial_099_on.csv,04,subject04,1981.17,2000,594350,300
35,trial_100_on.csv,data\1202配線変更後\Mode_C_2_03\TX\trial_100_on.csv,05,subject05,1980.94,2000,594282,300
36,trial_101_on.csv,data\1202配線変更後\Mode_C_2_03\TX\trial_101_on.csv,06,subject06,1980.73,2000,594220,300
37,trial_102_on.csv,data\1202配線変更後\Mode_C_2_03\TX\trial_102_on.csv,07,subject07,1980.53,2000,594158,300
38,trial_103_on.csv,data\1202配線変更後\Mode_C_2_03\TX\trial_103_on.csv,08,subject08,1980.31,2000,594092,300
